epoch,epsilon,team_return,team_return_ma,greedy_team_return,agent0_return,agent0_return_ma,agent1_return,agent1_return_ma,agent2_return,agent2_return_ma,agent0_task0_return,agent0_task0_return_ma,agent0_task1_return,agent0_task1_return_ma,agent0_task2_return,agent0_task2_return_ma,agent0_task3_return,agent0_task3_return_ma,agent0_task4_return,agent0_task4_return_ma,duration_ms
0,0.700000,6.98,6.98,13.953333,6.08,6.08,15.28,15.28,-0.42,-0.42,-5.4,-5.4,-1.8,-1.8,18,18,19.9,19.9,-0.3,-0.3,0
1,0.574000,2.82,4.9,16.253333,-6.94,-0.43,10.94,13.11,4.46,2.02,-12.7,-9.05,-16.2,-9,-13.9,2.05,-10,4.95,18.1,8.9,0
2,0.470680,11.266667,7.022222,15.86,9.22,2.786667,9.24,11.82,15.34,6.46,18,-0.033333,-11.5,-9.833333,19.8,7.966667,-0.1,3.266667,19.9,12.566667,0
3,0.385958,13.786667,8.713333,13.94,19.38,6.935,15.26,12.68,6.72,6.525,19.7,4.9,19.3,-2.55,19.4,10.825,19.1,7.225,19.4,14.275,0
4,0.316485,12.506667,9.472,15.96,8.8,7.308,13.54,12.852,15.18,8.256,-12.6,1.4,17.9,1.54,18.9,12.44,19.9,9.76,-0.1,11.4,0
5,0.259518,3.473333,8.770667,17.886667,-9.04,4.284,9.88,11.772,9.58,10.256,-14.5,-0.42,-0.2,1.86,-15.8,5.68,-14.6,2.86,-0.1,11.44,0
6,0.212805,17.293333,11.665333,12.393333,13,8.272,19.14,13.412,19.74,13.312,19.7,6.06,19,8.9,-12.5,5.96,19.9,8.84,18.9,11.6,0
7,0.174500,10.993333,11.610667,16.62,3.78,7.184,13.7,14.304,15.5,13.344,-9.2,0.62,19.8,15.16,-11.5,-0.3,-0.1,8.84,19.9,11.6,0
8,0.143090,17.26,12.305333,12.686667,19.2,7.148,19.76,15.204,12.82,14.564,19.7,0.62,19.8,15.26,16.7,-0.84,19.9,9,19.9,11.7,0
9,0.117334,17.213333,13.246667,13.913333,19.64,9.316,19.22,16.34,12.78,14.084,19.2,6.98,19.8,15.64,19.8,-0.66,19.9,9,19.5,15.62,0
10,0.096214,17.506667,16.053333,14.193333,19.34,14.992,19.3,18.224,13.88,14.944,19.7,13.82,19.8,19.64,18.3,6.16,19.9,15.9,19,19.44,0
11,0.078895,16.266667,15.848,11.08,19.74,16.34,13.6,17.116,15.46,14.088,19.7,13.82,19.8,19.8,19.8,12.62,19.9,15.9,19.5,19.56,0
12,0.064694,15.58,16.765333,9.12,14.04,18.392,13.92,17.16,18.78,14.744,18.9,19.44,19.8,19.8,19.8,18.88,19.9,19.9,-8.2,13.94,0
13,0.053049,17.44,16.801333,10.76,14.16,17.384,19.68,17.144,18.48,15.876,19.7,19.44,19.8,19.8,19,19.34,19.9,19.9,-7.6,8.44,0
14,0.050000,10.52,15.462667,10.353333,15.22,16.5,6.36,14.572,9.98,15.316,19.3,19.46,19.8,19.8,17.8,18.94,19.9,19.9,-0.7,4.4,0
15,0.050000,13.746667,14.710667,13.033333,13.94,15.42,19.48,14.608,7.82,14.104,19.2,19.36,19.8,19.8,18.6,19,19.9,19.9,-7.8,-0.96,0
16,0.050000,14.806667,14.418667,9.6,10.18,13.508,19.48,15.784,14.76,13.964,19.7,19.36,-3.8,15.08,-4,14.24,19.9,19.9,19.1,-1.04,0
17,0.050000,15.186667,14.34,7.313333,12.94,13.288,19.78,16.956,12.84,12.776,19.7,19.52,19,14.92,19.4,14.16,19.9,19.9,-13.3,-2.06,0
18,0.050000,13.833333,13.618667,8.806667,14.04,13.264,19.76,16.972,7.7,10.62,19.7,19.52,19,14.76,19.8,14.32,19.9,19.9,-8.2,-2.18,0
19,0.050000,16,14.714667,11.486667,19.42,14.104,19.36,19.572,9.22,10.468,19.7,19.6,18.2,14.44,19.8,14.72,19.9,19.9,19.5,1.86,0
20,0.050000,16.32,15.229333,13.413333,19.42,15.2,19.78,19.632,9.76,10.856,19.7,19.7,18.6,14.2,19.8,14.96,19.9,19.9,19.1,7.24,0
21,0.050000,19.34,16.136,14.633333,19.16,16.996,19.76,19.688,19.1,11.724,19.7,19.7,18.1,18.58,19.8,19.72,19.9,19.9,18.3,7.08,0
22,0.050000,17.506667,16.6,14.64,19.34,18.276,19.78,19.688,13.4,11.836,19.7,19.7,18.2,18.42,19.8,19.8,19.9,19.9,19.1,13.56,0
23,0.050000,14.746667,16.782667,16.573333,15.22,18.512,13.88,18.512,15.14,13.324,19.3,19.62,-0.4,14.54,19.8,19.8,19.9,19.9,17.5,18.7,0
24,0.050000,19.673333,17.517333,18.14,19.58,18.544,19.86,18.612,19.58,15.396,19.7,19.62,19.4,14.78,19.8,19.8,19.9,19.9,19.1,18.62,0
25,0.050000,17.973333,17.848,18.14,19.5,18.56,14.76,17.608,19.66,17.376,19.7,19.62,19,14.86,19.8,19.8,19.5,19.82,19.5,18.7,0
26,0.050000,16.146667,17.209333,19.726667,19.56,18.64,14.18,16.492,14.7,16.496,19.7,19.62,19.4,15.12,19.8,19.8,19.9,19.82,19,18.84,0
27,0.050000,15.026667,16.713333,16.573333,15.7,17.912,13.76,15.288,15.62,16.94,-0.1,15.66,19.4,15.36,19.8,19.8,19.9,19.82,19.5,18.92,0
28,0.050000,19.513333,17.666667,16.16,19.18,18.704,19.78,16.468,19.58,17.828,19.7,15.74,19.4,19.32,19.8,19.8,19.9,19.82,17.1,18.84,0
29,0.050000,19.553333,17.642667,18.166667,19.34,18.656,19.66,16.428,19.66,17.844,19.7,15.74,18.2,19.08,19.8,19.8,19.9,19.82,19.1,18.84,0
30,0.050000,17.646667,17.577333,19.726667,19.34,18.624,13.94,16.264,19.66,17.844,19.3,15.66,18.2,18.92,19.8,19.8,19.9,19.9,19.5,18.84,0
31,0.050000,15.066667,17.361333,19.726667,15.66,17.844,15.86,16.6,13.68,17.64,-0.3,11.66,19.4,18.92,19.8,19.8,19.9,19.9,19.5,18.94,0
32,0.050000,19.693333,18.294667,19.726667,19.66,18.636,19.76,17.8,19.66,18.448,19.7,15.62,19.4,18.92,19.8,19.8,19.9,19.9,19.5,18.94,0
33,0.050000,19.64,18.32,19.726667,19.48,18.696,19.86,17.816,19.58,18.448,19.3,15.54,18.9,18.82,19.8,19.8,19.9,19.9,19.5,19.42,0
34,0.050000,15.066667,17.422667,18.16,13.68,17.564,15.86,17.056,15.66,17.648,19.7,15.54,19.4,19.06,19.8,19.8,-10,13.92,19.5,19.5,0
35,0.050000,19.7,17.833333,17.773333,19.66,17.628,19.86,18.24,19.58,17.632,19.7,15.62,19.4,19.3,19.8,19.8,19.9,13.92,19.5,19.5,0
36,0.050000,19.24,18.668,19.726667,18.2,18.136,19.86,19.04,19.66,18.828,19.7,19.62,19.4,19.3,19.8,19.8,12.6,12.46,19.5,19.5,0
37,0.050000,19.646667,18.658667,19.726667,19.5,18.104,19.78,19.044,19.66,18.828,19.7,19.62,18.6,19.14,19.8,19.8,19.9,12.46,19.5,19.5,0
38,0.050000,17.72,18.274667,18.166667,19.56,18.12,13.94,17.86,19.66,18.844,19.7,19.7,18.9,19.14,19.8,19.8,19.9,12.46,19.5,19.5,0
39,0.050000,19.666667,19.194667,19.726667,19.58,19.3,19.86,18.66,19.56,19.624,19.7,19.7,19,19.06,19.8,19.8,19.9,18.44,19.5,19.5,0
40,0.050000,19.7,19.194667,19.726667,19.66,19.3,19.86,18.66,19.58,19.624,19.7,19.7,19.4,19.06,19.8,19.8,19.9,18.44,19.5,19.5,0
41,0.050000,19.673333,19.281333,19.726667,19.5,19.56,19.86,18.66,19.66,19.624,19.7,19.7,19.4,19.06,19,19.64,19.9,19.9,19.5,19.5,0
42,0.050000,19.66,19.284,19.726667,19.56,19.572,19.76,18.656,19.66,19.624,19.7,19.7,19.4,19.22,19.3,19.54,19.9,19.9,19.5,19.5,0
43,0.050000,19.633333,19.666667,19.726667,19.56,19.572,19.68,19.804,19.66,19.624,19.7,19.7,19.4,19.32,19.3,19.44,19.9,19.9,19.5,19.5,0
44,0.050000,19.606667,19.654667,17.733333,19.56,19.568,19.6,19.752,19.66,19.644,19.2,19.6,19.4,19.4,19.8,19.44,19.9,19.9,19.5,19.5,0
45,0.050000,19.613333,19.637333,19.726667,19.58,19.552,19.6,19.7,19.66,19.66,19.3,19.52,19.4,19.4,19.8,19.44,19.9,19.9,19.5,19.5,0
46,0.050000,19.72,19.646667,19.726667,19.74,19.6,19.86,19.7,19.56,19.64,19.7,19.52,19.4,19.4,19.8,19.6,19.9,19.9,19.9,19.58,0
47,0.050000,19.726667,19.66,19.753333,19.66,19.62,19.86,19.72,19.66,19.64,19.7,19.52,19.4,19.4,19.8,19.7,19.9,19.9,19.5,19.58,0
48,0.050000,19.726667,19.678667,19.753333,19.74,19.656,19.86,19.756,19.58,19.624,19.7,19.52,19.4,19.4,19.8,19.8,19.9,19.9,19.9,19.66,0
49,0.050000,19.72,19.701333,18.166667,19.64,19.672,19.86,19.808,19.66,19.624,19.2,19.52,19.4,19.4,19.8,19.8,19.9,19.9,19.9,19.74,0
50,0.050000,19.6,19.698667,17.773333,19.74,19.704,19.68,19.824,19.38,19.568,19.7,19.6,19.4,19.4,19.8,19.8,19.9,19.9,19.9,19.82,0
51,0.050000,19.72,19.698667,19.753333,19.64,19.684,19.86,19.824,19.66,19.588,19.2,19.5,19.4,19.4,19.8,19.8,19.9,19.9,19.9,19.82,0
52,0.050000,19.753333,19.704,19.753333,19.74,19.7,19.86,19.824,19.66,19.588,19.7,19.5,19.4,19.4,19.8,19.8,19.9,19.9,19.9,19.9,0
53,0.050000,16.393333,19.037333,19.753333,15.74,18.9,19.86,19.824,13.58,18.388,19.7,19.5,19.4,19.4,-0.2,15.8,19.9,19.9,19.9,19.9,0
54,0.050000,19.653333,19.024,19.753333,19.64,18.9,19.86,19.824,19.46,18.348,19.7,19.6,19.4,19.4,19.3,15.7,19.9,19.9,19.9,19.9,0
55,0.050000,19.753333,19.054667,19.753333,19.74,18.9,19.86,19.86,19.66,18.404,19.7,19.6,19.4,19.4,19.8,15.7,19.9,19.9,19.9,19.9,0
56,0.050000,19.64,19.038667,18.16,19.66,18.904,19.6,19.808,19.66,18.404,19.7,19.7,19.4,19.4,19.8,15.7,19.5,19.82,19.9,19.9,0
57,0.050000,16.54,18.396,16.566667,19.64,18.884,19.86,19.808,10.12,16.496,19.7,19.7,19.4,19.4,19.3,15.6,19.9,19.82,19.9,19.9,0
58,0.050000,18.073333,18.732,16.193333,14.96,18.728,19.86,19.808,19.4,17.66,19.7,19.7,19.4,19.4,19.8,19.6,-4,15.04,19.9,19.9,0
59,0.050000,18.093333,18.42,18.133333,19.58,18.716,19.86,19.808,14.84,16.736,19.7,19.7,19.4,19.4,19.8,19.7,19.1,14.88,19.9,19.9,0
60,0.050000,17.826667,18.034667,17.773333,19.66,18.7,19.86,19.808,13.96,15.596,19.7,19.7,19.4,19.4,19.8,19.7,19.5,14.8,19.9,19.9,0
61,0.050000,17.82,17.670667,16.206667,19.66,18.7,19.86,19.86,13.94,14.452,19.7,19.7,19.4,19.4,19.8,19.7,19.5,14.8,19.9,19.9,0
62,0.050000,19.33659595546154,19.048948308196362,18.106667,19.58,18.688,19.86,19.86,19.123062425443464,19.43541477845768,19.7,19.7,19.4,19.4,19.8,19.8,19.1,18.89038933575637,19.9,19.9,19.271290659937677
63,0.050000,19.29771025865232,19.213454210391944,19.361300661210578,19.58,19.612,19.78,19.844,19.307917921109087,19.223661872848712,19.7,19.7,19,19.32,19.8,19.8,19.5,19.34,19.9,19.9,19.49684534254337
64,0.050000,19.20621762303925,18.998857893049184,19.12919816213157,19.073653013945396,18.664,19.86,19.844,18.92982901908915,18.584990873273924,19.7,19.7,18.9,19.22,19.8,19.8,19.221881248439608,19.1496134870451,19.9,19.9,19.475062762701448
65,0.050000,18.056645484667573,19.408362381257284,19.392411848340377,19.044942113871194,19.386005366959612,19.76,19.824,19.254612922880153,19.0289880130575,19.7,19.7,19.4,19.22,19.8,19.8,19.233869535305477,19.49577142488946,19.9,19.9,18.91185667734214
66,0.050000,18.451010571071418,18.319063832666288,19.18273747143463,19.18550896085124,19.560686065890213,19.76,19.804,19.31643004162071,18.395436664296053,19.7,19.7,19.4,19.22,19.8,19.8,19.102674312099197,19.023988735314454,19.9,19.9,19.56641352566258
67,0.050000,19.3865915195954,19.125028804282206,19.112270256556695,19.557112561891373,19.5786060736415,19.86,19.804,19.355652513241232,19.09408979792804,19.7,19.7,19.4,19.22,19.8,19.8,19.249613645137106,18.339862757520685,19.9,19.9,19.216899930879894
68,0.050000,19.233521212187373,18.459460887806237,19.46346608924841,19.03310221351362,19.33148765206872,19.76,19.8,19.528608455661967,19.570763776158337,19.7,19.7,19.4,19.3,19.8,19.8,19.28308569755549,18.669313460900128,19.9,19.9,19.43447230133902
69,0.050000,19.361409880761713,18.34809286768925,18.52971975530019,19.201903373935213,19.55393417074994,19.68,19.764,18.822551267138937,19.3409766001352,19.7,19.7,19.4,19.4,19.8,19.8,19.063150791573875,19.308006339849907,19.9,19.9,19.462880839343594
70,0.050000,19.012162796972394,18.866173611891536,19.056301560465386,19.359987173676483,19.540340658901417,19.09835771969443,18.576,19.5649523867131,19.47249375659623,19.147767131192502,19.460119484206718,19,19.32,19.8,19.8,19.265851019353537,19.320543319508687,19.9,19.9,18.09241470931676
71,0.050000,19.09208962549087,19.236832590045797,19.427245537018052,19.50374740059662,19.402142494172857,19.78,18.58,18.842150628493236,19.05003334137147,19.7,19.05514977632796,19.4,19.32,19.8,19.8,19.47309747965685,19.332824715940667,19.9,19.9,19.44220595091684
72,0.050000,19.56122098162827,19.502385204984986,18.133333,19.1,18.585322067414094,19.86,18.58,19.149370545125272,18.150891280803314,19.7,19.53718874926548,19,19.24,19.8,19.8,18.70880557676256,19.00797705725207,19.9,19.9,19.043341225685246
73,0.050000,19.027562734124977,19.386603474703897,18.133333,19.66,19.242328276784313,19.86,18.6,19.14084791705983,19.499888657638753,19.7,18.296230322819312,19.4,19.24,19.8,19.8,19.5,19.2198485556151,19.9,19.9,19.249336802051094
74,0.050000,19.533333,19.47834811391232,19.38157555460072,19.56,19.07106148343117,19.86,18.636,19.18,19.548715795645823,19.7,19.078925912491478,18.9,19.14,19.8,19.8,19.5,18.620357634788547,19.9,19.9,19.230722152456046
75,0.050000,19.125438444933593,19.529362546433397,19.4435494283417,19.66,18.572,19.476430017629838,18.656,19.66,19.438923686202113,19.7,19.7,19.4,19.22,19.8,19.8,19.5,19.37199314607866,19.9,19.9,19.21109119151304
76,0.050000,19.113710954838297,18.146667,19.145644215003422,19.56,19.508,19.371703186152363,19.410710072708646,19.58,18.029224711483916,19.7,19.7,19.4,19.22,19.3,19.7,19.5,19.02,19.9,19.9,19.46085303847718
77,0.050000,18.128232940159847,18.101333,18.385429637686084,19.58,19.604,18.17643790374344,19.392173969369463,19.66,18.38,19.3,19.62,19.4,19.3,19.8,19.7,19.5,19.5,19.9,19.9,19.17114025036392
78,0.050000,19.37542146797079,18.06,19.7,19.5,19.572,19.47476612770686,19.16480029866323,19.66,19.548,19.7,19.62,19.4,19.3,19.8,19.7,18.7,19.34,19.9,19.9,19.272376480732287
79,0.050000,19.6,18.073333,19.7,19.56,19.572,19.78,19.48023783270281,19.46,19.604,19.2,19.52,19.4,19.4,19.8,19.7,19.5,19.34,19.9,19.9,19.09520863755383
80,0.050000,19.693333,18.462667,19.7,19.66,19.572,19.76,19.395598084663785,19.66,19.604,19.7,19.52,19.4,19.4,19.8,19.7,19.5,19.34,19.9,19.9,19.457836749152204
81,0.050000,19.7,18.857333,18.57502356291517,19.66,19.592,19.78,18.028692047125052,19.66,19.62,19.7,19.52,19.4,19.4,19.8,19.8,19.5,19.34,19.9,19.9,19.028227860214294
82,0.050000,19.58,19.229333,18.133333,19.66,19.608,19.42,18.46,19.66,19.62,19.7,19.6,19.4,19.4,19.8,19.8,19.5,19.34,19.9,19.9,19.17727841808334
83,0.050000,19.7,19.654667,19.726667,19.66,19.64,19.78,19.704,19.66,19.62,19.7,19.6,19.4,19.4,19.8,19.8,19.5,19.5,19.9,19.9,19.134692718989537
84,0.050000,19.673333,19.669333,19.726667,19.58,19.644,19.86,19.72,19.58,19.644,19.7,19.7,19.4,19.4,19.8,19.8,19.5,19.5,19.5,19.82,19.408173125706693
85,0.050000,19.7,19.713333,19.753333,19.74,19.704,19.86,19.824,19.5,19.612,19.7,19.6,19.4,19.4,19.8,19.8,19.9,19.9,19.9,19.82,0
86,0.050000,19.693333,19.724,19.753333,19.74,19.72,19.86,19.86,19.48,19.592,19.7,19.6,19.4,19.4,19.8,19.8,19.9,19.9,19.9,19.9,0
87,0.050000,19.72,19.724,19.753333,19.74,19.74,19.76,19.84,19.66,19.592,19.7,19.7,19.4,19.4,19.8,19.8,19.9,19.9,19.9,19.9,0
88,0.050000,19.693333,19.712,19.753333,19.64,19.72,19.86,19.84,19.58,19.576,19.7,19.7,18.9,19.3,19.8,19.8,19.9,19.9,19.9,19.9,0
89,0.050000,19.693333,19.7,19.753333,19.74,19.72,19.86,19.84,19.48,19.54,19.7,19.7,19.4,19.3,19.8,19.8,19.9,19.9,19.9,19.9,0
90,0.050000,19.753333,19.710667,19.753333,19.74,19.72,19.86,19.84,19.66,19.572,19.7,19.7,19.4,19.3,19.8,19.8,19.9,19.9,19.9,19.9,0
91,0.050000,19.726667,19.717333,19.753333,19.74,19.72,19.86,19.84,19.58,19.592,19.7,19.7,19.4,19.3,19.8,19.8,19.9,19.9,19.9,19.9,0
92,0.050000,19.72,19.717333,19.753333,19.74,19.72,19.86,19.86,19.56,19.572,19.7,19.7,19.4,19.3,19.8,19.8,19.9,19.9,19.9,19.9,0
93,0.050000,19.72,19.722667,19.753333,19.74,19.74,19.86,19.86,19.56,19.568,19.7,19.7,19.4,19.4,19.8,19.8,19.9,19.9,19.9,19.9,0
94,0.050000,19.72,19.728,19.753333,19.74,19.74,19.86,19.86,19.56,19.584,19.7,19.7,19.4,19.4,19.8,19.8,19.9,19.9,19.9,19.9,0
95,0.050000,19.753333,19.728,19.753333,19.74,19.74,19.86,19.86,19.66,19.584,19.7,19.7,19.4,19.4,19.8,19.8,19.9,19.9,19.9,19.9,0
96,0.050000,19.726667,19.728,19.753333,19.66,19.724,19.86,19.86,19.66,19.6,19.7,19.7,19,19.32,19.8,19.8,19.9,19.9,19.9,19.9,0
97,0.050000,19.666667,19.717333,19.753333,19.74,19.724,19.86,19.86,19.4,19.568,19.7,19.7,19.4,19.32,19.8,19.8,19.9,19.9,19.9,19.9,0
98,0.050000,19.693333,19.712,19.753333,19.74,19.724,19.86,19.86,19.48,19.552,19.7,19.7,19.4,19.32,19.8,19.8,19.9,19.9,19.9,19.9,0
99,0.050000,19.753333,19.718667,19.753333,19.74,19.724,19.86,19.86,19.66,19.572,19.7,19.7,19.4,19.32,19.8,19.8,19.9,19.9,19.9,19.9,0
